time,mag,mag.error,phase
466.54238,14.639,0.005,0.949239234771189
466.55148,14.64,0.005,0.950193999217323
466.56672,14.642,0.005,0.951792967366659
466.59731,14.64,0.005,0.955002444774033
466.62685,14.645,0.005,0.958101757053005
467.5447,14.615,0.005,0.0544018171496531
467.57417,14.622,0.005,0.0574937850867328
467.60365,14.614,0.005,0.0605868022155149
467.63314,14.626,0.005,0.0636808685359934
469.55406,14.639,0.005,0.265222200388536
469.59269,14.636,0.005,0.26927522792194
469.62434,14.636,0.005,0.272595919649412
471.60661,14.68,0.005,0.480574042575583
471.62185,14.683,0.005,0.482173010724925
472.53877,14.704,0.005,0.578375495993566
472.55355,14.693,0.005,0.579926201324749
472.56821,14.702,0.005,0.581464316355551
472.58284,14.699,0.005,0.582999283811246
622.88504,14.647,0.005,0.35258134259962
624.91162,14.689,0.005,0.565208433944249
625.89906,14.701,0.005,0.668809819074539
626.87057,14.696,0.005,0.770739841828263
627.85681,14.679,0.005,0.874215323954664
628.89789,14.641,0.005,0.983444573358617
629.89569,14.621,0.005,0.0881329210891123
631.92665,14.635,0.005,0.301219558397932
632.86716,14.652,0.005,0.399897086884616
633.9026,14.675,0.005,0.508534592170312
635.89744,14.695,0.005,0.717831549062178
643.86645,14.681,0.005,0.553933463221166
645.83816,14.692,0.005,0.760803639713154
647.7959,14.641,0.005,0.96620809540157
649.79329,14.616,0.005,0.175772596176694
652.84048,14.667,0.005,0.495481241517344
656.85365,14.667,0.005,0.916539706602144
657.82591,14.635,0.005,0.018548418733286
658.86621,14.602,0.005,0.127695831184718
663.77249,14.693,0.005,0.642458656102723
664.87742,14.699,0.005,0.758386994505077
665.82468,14.687,0.005,0.857772727388605
666.83523,14.654,0.005,0.963798794535392
667.85446,14.628,0.005,0.0707355600769371
668.82529,14.612,0.005,0.172594237795115
670.79085,14.643,0.005,0.378819161392187
671.8129,14.675,0.005,0.486051798992869
672.81843,14.694,0.005,0.591551171906731
673.78581,14.7,0.005,0.693047878488735
684.7462,14.681,0.005,0.843002899116006
685.80106,14.657,0.005,0.95367793468124
686.70234,14.62,0.005,0.0482394841325915
687.78369,14.614,0.005,0.161693828508587
688.72571,14.626,0.005,0.260529784941832
689.75286,14.651,0.005,0.368297510309023
697.71902,14.62,0.005,0.204100404833763
698.79013,14.643,0.005,0.316480376909943
699.68913,14.648,0.005,0.410802710653898
700.72992,14.682,0.005,0.520001533498584
701.70215,14.694,0.005,0.622007098054628
704.73014,14.665,0.005,0.939701295333119
706.6958,14.616,0.005,0.145936710847177
707.73336,14.624,0.005,0.254796644773069
708.75752,14.634,0.005,0.36225066182225
712.75807,14.691,0.005,0.78198504698285
713.73944,14.68,0.005,0.884949572751818
714.75441,14.649,0.005,0.991439382629581
715.71997,14.623,0.005,0.0927451363223615
716.68805,14.616,0.005,0.194315286323304
726.67066,14.618,0.005,0.241682441001555
728.68137,14.656,0.005,0.452644465119809
729.68353,14.674,0.005,0.557790260431091
730.66789,14.696,0.005,0.66106849451808
733.63437,14.649,0.005,0.972309113655748
739.65432,14.693,0.005,0.603917270521067
741.62013,14.69,0.005,0.81016842391062
742.59638,14.668,0.005,0.912595763529675
744.6435,14.614,0.005,0.127377894624159
745.59442,14.616,0.005,0.227147631669545
746.78521,14.636,0.005,0.352084329999872
747.65573,14.657,0.005,0.443418565784947
748.6175,14.68,0.005,0.544326675823795
749.62285,14.691,0.005,0.649807163287074
750.61669,14.696,0.005,0.75408003110475
751.62511,14.685,0.005,0.859882620419632
752.73951,14.659,0.005,0.976804543360977
753.67515,14.631,0.005,0.0749711154902267
759.63302,14.7,0.005,0.700065890287886
760.65868,14.694,0.005,0.807677286091921
761.63471,14.671,0.005,0.910081543493607
761.73996,14.674,0.005,0.921124286126029
762.62608,14.638,0.005,0.0140952609616157
762.65564,14.644,0.005,0.0171966716239808
763.64231,14.621,0.005,0.120717268993446
763.75306,14.618,0.005,0.132337067060351
765.57437,14.646,0.005,0.323427400398735
766.61185,14.653,0.005,0.432278940791032
766.71472,14.661,0.005,0.443071975799092
767.61934,14.682,0.005,0.5379839552779
767.681,14.685,0.005,0.544453271294206
769.60218,14.7,0.005,0.746021882130921
769.67591,14.691,0.005,0.753757572527971
770.60832,14.687,0.005,0.851585255738429
771.64139,14.659,0.005,0.959974102591448
772.60321,14.636,0.005,0.0608874585887874
773.60834,14.616,0.005,0.166344863834686
773.76055,14.613,0.005,0.182314610685814
774.60132,14.626,0.005,0.270527501166245
775.55925,14.64,0.005,0.371032721592664
776.64016,14.668,0.005,0.48444090153391
777.61442,14.69,0.005,0.586659452004858
778.61778,14.696,0.005,0.69193115032003
779.64474,14.699,0.005,0.799678941044929
779.75502,14.692,0.005,0.811249427101973
780.64454,14.674,0.005,0.904577127115242
781.55886,14.646,0.005,0.000506822542126799
781.73935,14.647,0.005,0.019443683518148
782.62437,14.626,0.005,0.112299247266847
782.74824,14.62,0.005,0.125295584842893
783.54141,14.611,0.005,0.208514322835881
784.58341,14.624,0.005,0.317840097876141
784.67538,14.634,0.005,0.327489513932244
785.61022,14.654,0.005,0.42557215072557
785.75582,14.658,0.005,0.440848381863629
786.6308,14.683,0.005,0.532650557146489
787.69436,14.696,0.005,0.644238389489888
788.62717,14.702,0.005,0.742108040368309
788.65274,14.698,0.005,0.744790823542763
790.57587,14.662,0.005,0.946564026760799
792.55384,14.617,0.005,0.154090997256398
795.61851,14.662,0.005,0.475633629686972
796.54743,14.679,0.005,0.573095144994458
796.73278,14.691,0.005,0.592541913136227
797.70758,14.694,0.005,0.694817119958923
798.57022,14.694,0.005,0.785324592685153
799.70818,14.675,0.005,0.904718411269439
800.62321,14.65,0.005,0.000722599306958245
802.68319,14.616,0.005,0.216853990926394
805.61053,14.668,0.005,0.523988073754022
806.62073,14.689,0.005,0.629977419191328
808.55214,14.689,0.005,0.832619353136173
816.68313,14.697,0.005,0.685716074436243
817.59322,14.701,0.005,0.781201961774433
819.55599,14.659,0.005,0.987134160887472
820.63229,14.616,0.005,0.100058663455462
822.55287,14.624,0.005,0.301564322790237
824.5787,14.663,0.005,0.514112724757447
825.65181,14.699,0.005,0.62670253517343
828.61194,14.673,0.005,0.937276917582218
829.57857,14.644,0.005,0.0386949347867988
832.58546,14.629,0.005,0.354175337580305
833.60536,14.651,0.005,0.46118239896569
834.57493,14.67,0.005,0.562908878529788
836.55307,14.69,0.005,0.770453685284264
838.58605,14.654,0.005,0.983752259316279
840.5958,14.607,0.005,0.194613561031427
845.54737,14.687,0.005,0.7141281751544
850.57064,14.607,0.005,0.241165493759528
855.57566,14.704,0.005,0.766288037513885
859.56348,14.61,0.005,0.184686801641609
866.52802,14.672,0.005,0.915400557206817
962.93185,14.651,0.005,0.0300103764009828
966.93134,14.644,0.005,0.449633547241478
970.90772,14.703,0.005,0.8668320360655
976.88838,14.662,0.005,0.494317918745275
986.84275,14.666,0.005,0.53872215606543
987.85635,14.691,0.005,0.645068226680417
991.92439,14.634,0.005,0.0718836066178685
996.92833,14.674,0.005,0.596892837668729
998.89941,14.702,0.005,0.803696915083677
1004.798,14.642,0.005,0.422572081489414
1006.82658,14.683,0.005,0.635409011173859
1020.89607,14.629,0.005,0.111568222950542
1025.93386,14.693,0.005,0.640128967902677
1035.74881,14.69,0.005,0.669905374554768
1037.77801,14.689,0.005,0.882807354124545
1041.78616,14.62,0.005,0.303339124976441
1045.74786,14.689,0.005,0.718997400386244
1048.72905,14.672,0.005,0.0317813805131928
1052.77195,14.65,0.005,0.455959092519257
1055.6452,14.7,0.005,0.75741809744674
1058.85715,14.635,0.005,0.094413225220842
1059.77517,14.609,0.005,0.19073112157636
1061.72792,14.633,0.005,0.395612030606976
1064.81183,14.697,0.005,0.719173307866517
1068.71324,14.638,0.005,0.128506006522787
1072.69339,14.661,0.005,0.546100040617328
1076.67116,14.676,0.005,0.96344436708753
1078.68171,14.617,0.005,0.174389604138604
1081.69425,14.648,0.005,0.490462800242064
1084.63242,14.695,0.005,0.798733157679737
1087.65233,14.643,0.005,0.115579608065405
1090.7087,14.634,0.005,0.436251411385777
1092.74082,14.685,0.005,0.649459754931688
1094.6475,14.704,0.005,0.849507037804803
1102.61768,14.685,0.005,0.685731707392555
1106.71253,14.645,0.005,0.115359970275136
1110.63166,14.656,0.005,0.52655183662213
1116.59013,14.628,0.005,0.151709562921726
1120.57872,14.67,0.005,0.570189114810265
1126.65405,14.606,0.005,0.20760769530491
1129.55249,14.652,0.005,0.511709614122289
1132.53558,14.705,0.005,0.824692940672068
1135.58564,14.628,0.005,0.144702704030356
1138.63532,14.64,0.005,0.464672598104075
1140.61273,14.681,0.005,0.672140813864511
1144.67031,14.65,0.005,0.0978587392847311
1151.54989,14.696,0.005,0.819658562174881
1155.55151,14.604,0.005,0.23950521084729
1159.54695,14.681,0.005,0.658703459049672
1162.57935,14.674,0.005,0.976860349867443
1164.69291,14.618,0.005,0.198613310610337
1170.55135,14.694,0.005,0.813275972344415
1178.6614,14.685,0.005,0.664175686226701
1182.6733,14.646,0.005,0.0851009039657231
1183.71165,14.616,0.005,0.194043724035845
1185.69481,14.626,0.005,0.402115225023234
1188.69412,14.688,0.005,0.716800340508882
1191.57787,14.666,0.005,0.019360996720356
1202.59298,14.618,0.005,0.175057194324776
1205.5444,14.638,0.005,0.484717730763702
1211.56489,14.648,0.005,0.11638254398077
1217.57551,14.697,0.005,0.747011804990863
1220.57801,14.661,0.005,0.062031612628505
1229.53072,14.668,0.005,0.00134251422234112
1238.52701,14.677,0.005,0.945225793240599
1327.9112,14.603,0.005,0.323340810607816
1330.8279,14.677,0.005,0.629358553467654
1335.87966,14.634,0.005,0.159385019223335
1340.89916,14.681,0.005,0.686026792557899
1348.93524,14.648,0.005,0.529165635442373
1354.9088,14.636,0.005,0.155906592015812
1360.92852,14.694,0.005,0.787490617472057
1365.92474,14.615,0.005,0.311689872531271
1367.84824,14.648,0.005,0.513501895842181
1374.92031,14.621,0.005,0.255497609747207
1394.85651,14.61,0.005,0.347187164793092
1395.88795,14.633,0.005,0.455404993399169
1397.80965,14.674,0.005,0.657028162204227
1401.83668,14.663,0.005,0.0795408069838767
1402.9216,14.633,0.005,0.193369712796439
1407.84467,14.683,0.005,0.70989413057715
1412.73998,14.621,0.005,0.223505992201335
1417.89831,14.692,0.005,0.764713693893722
1430.73093,14.652,0.005,0.11110153199088
1432.7416,14.612,0.005,0.322059359342348
1435.69805,14.662,0.005,0.632247639205872
1439.6645,14.672,0.005,0.0484042806727604
1442.66819,14.617,0.005,0.363548942122574
1447.74339,14.689,0.005,0.896034713220819
1451.67958,14.608,0.005,0.309016500606356
1455.69931,14.693,0.005,0.73076323544572
1460.74004,14.614,0.005,0.259632442757368
1462.64568,14.63,0.005,0.459570609693795
1470.65194,14.611,0.005,0.299580762931679
1472.63913,14.629,0.005,0.508075088173788
1475.64486,14.692,0.005,0.823433784730214
1477.57393,14.679,0.005,0.0258302078174807
1481.59168,14.633,0.005,0.447369202700434
1484.6406,14.692,0.005,0.767259358205013
1487.63573,14.657,0.005,0.0815059115604563
1490.67449,14.627,0.005,0.400330088298827
1492.57414,14.654,0.005,0.599639789407492
1495.53092,14.693,0.005,0.909862692597092
1499.55957,14.604,0.005,0.332545306431988
1502.55767,14.662,0.005,0.647103469722038
1505.62425,14.685,0.005,0.968846497767148
1508.55963,14.612,0.005,0.276824130720797
1509.53589,14.624,0.005,0.379252519531572
1512.63777,14.677,0.005,0.704699194274281
1515.61246,14.68,0.005,0.0168011997968559
1517.61596,14.621,0.005,0.227006756700101
1520.60313,14.64,0.005,0.540418153463083
1524.55083,14.683,0.005,0.954607560494237
1526.59096,14.636,0.005,0.168656306591092
1531.64255,14.684,0.005,0.698664936087901
1543.60003,14.688,0.005,0.953233811835047
1546.61485,14.614,0.005,0.269546223645867
1551.57663,14.691,0.005,0.790132062493578
1555.61016,14.622,0.005,0.213326681877625
1562.58873,14.687,0.005,0.945512453396596
1569.56788,14.667,0.005,0.67775907803411
1575.59371,14.62,0.005,0.309984159618484
1580.56871,14.695,0.005,0.83195702989231
1583.57138,14.651,0.005,0.146994673788839
1587.55117,14.642,0.005,0.564550936982213
1597.53664,14.646,0.005,0.612218160486384
1603.54473,14.628,0.005,0.242581975996656
1608.52045,14.676,0.005,0.764630388072813
1703.90537,14.683,0.005,0.77233701585979
1705.91086,14.694,0.005,0.982751361911143
1716.87129,14.664,0.005,0.13271057930521
1717.88164,14.635,0.005,0.238715662618009
1729.91733,14.629,0.005,0.501490266643336
1732.8871,14.692,0.005,0.813076069849987
1740.83814,14.661,0.005,0.647292586525808
1742.88593,14.694,0.005,0.862145013464095
1744.85505,14.68,0.005,0.068743449306035
1745.8793,14.651,0.005,0.17620690908052
1749.85973,14.651,0.005,0.593830320542631
1750.83165,14.667,0.005,0.695803360156026
1751.84348,14.69,0.005,0.801963723840274
1752.8048,14.695,0.005,0.902824620252653
1753.80587,14.681,0.005,0.0078560536687279
1754.83254,14.665,0.005,0.115573417834384
1755.7979,14.639,0.005,0.21685818769318
1756.82739,14.622,0.005,0.324871423917935
1757.77658,14.62,0.005,0.424459650799391
1758.78107,14.643,0.005,0.529849907776554
1759.82543,14.661,0.005,0.639423292057807
1761.80647,14.693,0.005,0.847272364404988
1762.79286,14.685,0.005,0.950763584406882
1763.79586,14.675,0.005,0.0559975118208856
1764.78837,14.654,0.005,0.160130837142595
1765.78284,14.62,0.005,0.264469804037323
1766.72387,14.61,0.005,0.363201890492351
1768.80298,14.643,0.005,0.581340385832046
1769.71236,14.667,0.005,0.676751780559614
1771.82843,14.685,0.005,0.898768088418985
1772.77081,14.685,0.005,0.997641815753385
1773.73811,14.668,0.005,0.0991301288017912
1776.76091,14.609,0.005,0.416279795588471
1784.73756,14.619,0.005,0.253183292205531
1788.80307,14.666,0.005,0.679733226643105
1803.76339,14.626,0.005,0.249357582545643
1806.75752,14.648,0.005,0.563499216731175
1808.82713,14.692,0.005,0.780640979956767
1811.75556,14.667,0.005,0.0878894246796096
1814.80238,14.619,0.005,0.407559249927397
1817.76804,14.676,0.005,0.718713835345733
1822.64547,14.628,0.005,0.230449742211994
1826.79657,14.666,0.005,0.665979708401691
1829.73882,14.692,0.005,0.97467813605259
1846.78686,14.679,0.005,0.763344341347708
1850.74361,14.64,0.005,0.178483266866494
1854.79966,14.645,0.005,0.604040665956775
1858.72352,14.681,0.005,0.0157287999774373
1862.72243,14.622,0.005,0.435291117699399
1867.74686,14.691,0.005,0.962450142541597
1871.75345,14.621,0.005,0.382818239488403
2085.90914,14.711,0.006,0.85185546456862
2086.88843,14.702,0.006,0.954601758464166
2103.89525,14.674,0.005,0.738943195575798
2105.92315,14.696,0.005,0.95170878022471
2106.89098,14.691,0.005,0.0532527004332164
2112.84336,14.66,0.005,0.677771468988077
2116.87111,14.676,0.005,0.100359655570082
2123.81803,14.674,0.005,0.829224735361568
2128.82553,14.616,0.005,0.354607478657297
2129.8575,14.618,0.005,0.462880914423425
2130.84387,14.633,0.005,0.566370036041927
2131.83748,14.65,0.005,0.670618772450526
2132.80627,14.679,0.006,0.772263415062091
2133.8946,14.697,0.006,0.88645009524403
2134.81,14.694,0.006,0.982493103374401
2135.84408,14.676,0.005,0.090987918589004
2137.89208,14.62,0.005,0.305862378553011
2140.81134,14.653,0.005,0.612148714487818
2142.75205,14.685,0.005,0.815766396712754
2143.81755,14.698,0.005,0.92755777224579
2144.82425,14.677,0.005,0.0331799005884616
2155.87863,14.652,0.006,0.192996273995022
2156.82521,14.625,0.005,0.292310661843003
2160.7546,14.665,0.006,0.704578998873241
2162.76139,14.699,0.005,0.915129739845459
2166.756,14.621,0.005,0.334240905136788
2167.76446,14.615,0.005,0.440047691218468
2168.71363,14.637,0.005,0.539633819716556
2171.73955,14.695,0.005,0.857110834313298
2172.74617,14.695,0.005,0.962724569122364
2177.63966,14.625,0.005,0.476145477857328
2184.7013,14.646,0.005,0.217046884820271
2185.6648,14.606,0.005,0.318136505023037
2186.68965,14.615,0.006,0.425662916299425
2187.68483,14.628,0.005,0.530076375804811
2188.73199,14.647,0.005,0.639943533761794
2190.69136,14.68,0.005,0.845519007697116
2191.66474,14.708,0.005,0.94764522929859
2192.66325,14.675,0.005,0.0524080696396963
2193.68432,14.658,0.005,0.159537886453845
2194.65442,14.621,0.005,0.261319973177996
2203.55089,14.655,0.005,0.19473022065645
2206.60721,14.633,0.006,0.515396778018341
2211.6413,14.687,0.005,0.0435693220417704
2212.64513,14.665,0.005,0.148890332366804
2213.65095,14.626,0.005,0.254420131839968
2214.64214,14.618,0.005,0.358414963857372
2215.64912,14.616,0.005,0.464066469567604
2217.63582,14.656,0.005,0.672509384416447
2219.67868,14.691,0.005,0.886844559847124
2224.71356,14.609,0.005,0.415099990014831
2226.63643,14.656,0.006,0.616845914248678
2228.55833,14.683,0.005,0.818490066887711
2229.61659,14.696,0.005,0.929521827630649
2231.64326,14.67,0.005,0.142158361700533
2232.50999,14.634,0.005,0.233094953831697
2233.61341,14.611,0.005,0.348864864287478
2235.66353,14.643,0.005,0.563961752891645
2238.54707,14.703,0.005,0.866500376077486
2240.65138,14.677,0.005,0.0872828344987829
2242.61889,14.629,0.005,0.293712350477212
2248.60354,14.696,0.005,0.9216168606449
2250.57686,14.661,0.005,0.128655957000423
2253.5705,14.61,0.005,0.442746180792664
2255.60716,14.658,0.005,0.656430857369955
2258.57346,14.709,0.005,0.967652591057051
2263.58419,14.616,0.005,0.49337422327155
2266.55498,14.688,0.005,0.805067044031496
2271.56456,14.612,0.005,0.330668019200647
2273.5639,14.634,0.006,0.540437112357119
2275.59883,14.681,0.005,0.753940278770432
2276.55838,14.696,0.006,0.854615468252096
2278.59096,14.675,0.005,0.0678720746161464
2280.58682,14.622,0.005,0.277276049061319
2284.5897,14.668,0.005,0.697254895887799
2290.60368,14.609,0.005,0.328236685308796
2293.56596,14.649,0.005,0.639036643932845
2295.5587,14.688,0.005,0.848113270567932
2297.56199,14.684,0.006,0.0582967944455389
2299.56109,14.623,0.005,0.268040707001202
2301.55335,14.626,0.005,0.477066972434719
2445.91192,14.648,0.006,0.623048305404828
2460.87884,14.644,0.006,0.193365127828727
2463.91518,14.62,0.005,0.511935400175926
2465.92794,14.666,0.005,0.723112508592489
2467.90093,14.701,0.005,0.930116981621926
2469.90031,14.671,0.005,0.13989027154517
2471.88975,14.604,0.005,0.34862066491954
2472.91922,14.623,0.005,0.45663180276095
2473.89113,14.631,0.005,0.558603793182601
2481.90282,14.611,0.006,0.399183657513058
2483.88864,14.639,0.005,0.607534243492427
2486.88565,14.699,0.006,0.921978044887284
2488.87656,14.678,0.006,0.130862669441416
2489.92299,14.64,0.005,0.240653236404347
2492.90335,14.631,0.005,0.553350133620295
2496.9031,14.683,0.005,0.973000583444968
2497.92651,14.681,0.005,0.0803759111167267
2498.77378,14.662,0.005,0.169270776201555
2499.85936,14.634,0.005,0.283168928666246
2500.86493,14.613,0.005,0.388672498346929
2501.85389,14.633,0.005,0.492433360615441
2502.83412,14.653,0.005,0.595278278530734
2508.74536,14.648,0.006,0.215480672435737
2516.77666,14.681,0.006,0.0581180016880471
2517.8234,14.664,0.005,0.167941093593686
2518.79484,14.634,0.005,0.269863772005487
2519.83174,14.605,0.005,0.378654459279251
2520.79113,14.624,0.005,0.479312861693724
2521.82327,14.643,0.005,0.587604133718716
2524.82152,14.711,0.006,0.90217803488426
2526.7777,14.677,0.005,0.107418816667678
2534.83408,14.707,0.006,0.95268751870119
2535.81429,14.692,0.005,0.0555303382330287
2537.70207,14.627,0.006,0.253594648794949
2538.79803,14.619,0.005,0.368581862243264
2539.70185,14.627,0.005,0.463409906386158
2540.74273,14.648,0.006,0.572618171956135
2541.71375,14.669,0.005,0.674496784316593
2542.68354,14.682,0.005,0.776246346098084
2544.66208,14.693,0.005,0.983833120520522
2545.67711,14.679,0.005,0.0903292255484603
2547.69512,14.623,0.005,0.30205715960699
2548.71156,14.618,0.005,0.40870120066454
2550.70669,14.645,0.005,0.618028584115662
2551.69333,14.669,0.005,0.721546033910037
2553.64905,14.71,0.006,0.926738552875245
2554.70257,14.689,0.005,0.0372729967528379
2555.7105,14.671,0.005,0.14302417567449
2556.68952,14.638,0.005,0.245742141394162
2557.70206,14.602,0.005,0.351976997689068
2558.65854,14.615,0.005,0.452330085319104
2559.61544,14.64,0.005,0.552727239000532
2560.6485,14.655,0.005,0.66111503666183
2561.67405,14.683,0.006,0.768714891357204
2562.66694,14.697,0.005,0.872888085963472
2563.67487,14.695,0.005,0.978639264885077
2564.69026,14.674,0.005,0.0851731408141809
2565.68116,14.656,0.005,0.189137546272365
2566.66144,14.619,0.005,0.291987710146117
2568.69242,14.634,0.005,0.505076445838329
2571.64511,14.693,0.006,0.814870229623031
2573.65854,14.694,0.005,0.0261176338834056
2574.64237,14.666,0.005,0.129340260810355
2577.62924,14.619,0.006,0.442720181822397
2578.62931,14.641,0.005,0.547646696068536
2579.63596,14.655,0.005,0.653263578452716
2580.64808,14.678,0.005,0.759454368696231
2583.61939,14.685,0.006,0.0712017474245182
2584.62675,14.662,0.005,0.176893122419309
2586.62397,14.621,0.005,0.386439786935573
2587.60838,14.632,0.005,0.489723266981056
2588.7168,14.648,0.005,0.606017773286371
2589.59832,14.67,0.005,0.69850611994039
2590.61345,14.688,0.006,0.805012716885306
2591.63659,14.697,0.005,0.912359716381205
2593.60559,14.676,0.005,0.118945561922788
2594.60936,14.653,0.006,0.224260277097596
2596.58489,14.619,0.006,0.431531244818632
2597.57206,14.631,0.005,0.535104301773036
2598.64593,14.654,0.005,0.647773850758172
2599.60541,14.673,0.006,0.748441695897937
2607.6266,14.649,0.006,0.590018292342497
2610.54642,14.698,0.006,0.896363383012445
2613.54032,14.643,0.006,0.210480885788874
2615.56917,14.609,0.005,0.423346143649206
2619.55687,14.689,0.006,0.841732317476503
2621.56577,14.685,0.005,0.0525044378972904
2625.54841,14.625,0.006,0.470359720724877
2628.54178,14.684,0.006,0.784421616341292
2632.5482,14.655,0.005,0.204771877029235
2636.54337,14.644,0.006,0.623941797055719
2639.54386,14.689,0.006,0.938750717161876
2642.55261,14.637,0.006,0.254426269611386
2646.56543,14.644,0.005,0.675448012986705
2651.53746,14.65,0.006,0.197109273325949
2654.55527,14.626,0.006,0.513735393454792
2657.55813,14.676,0.005,0.82879297199359
2660.55391,14.653,0.005,0.143107722809466
2671.55158,14.623,0.005,0.296974130090723
2673.56338,14.638,0.006,0.508050516104194
2676.52475,14.692,0.006,0.818754998283656
2679.53811,14.676,0.005,0.134914228106421
2682.54043,14.639,0.006,0.44991515029347
2777.90295,14.621,0.006,0.455271588674608
2804.86989,14.63,0.006,0.284620548333349
2811.90436,14.697,0.006,0.02267130145001
2814.94001,14.62,0.005,0.341169179569943
2817.92658,14.653,0.006,0.654517624830998
2831.78143,14.674,0.006,0.10815698597942
2832.74739,14.648,0.006,0.209504707340167
2832.92536,14.632,0.005,0.228177172008052
2833.8653,14.615,0.006,0.326794896567863
2835.87395,14.623,0.005,0.537540787196136
2837.87502,14.679,0.006,0.747491390516489
2838.93218,14.708,0.006,0.85840774017249
2840.82492,14.684,0.006,0.0569924498171436
2843.82636,14.619,0.005,0.371901043134672
2844.87219,14.615,0.005,0.481628658595677
2845.91818,14.65,0.006,0.591373061123871
2849.85561,14.694,0.006,0.00448494828014266
2850.88837,14.673,0.006,0.112841270190501
2851.93194,14.648,0.006,0.222331768327501
2852.80262,14.614,0.005,0.313682791179766
2853.94203,14.615,0.005,0.433228742560435
2856.81529,14.672,0.006,0.734688796679615
2858.90934,14.689,0.005,0.954394784417707
2860.87534,14.651,0.005,0.160665872449513
2861.74651,14.632,0.005,0.252068305695021
2862.92552,14.605,0.005,0.375769056203859
2863.83472,14.628,0.006,0.471161565480844
2865.83162,14.652,0.005,0.680674655862728
2866.88126,14.688,0.006,0.790802013361085
2867.82127,14.7,0.005,0.889427082262794
2868.76894,14.695,0.006,0.988855832005993
2869.90194,14.679,0.005,0.107729251507566
2870.81554,14.643,0.005,0.203583405132109
2871.85846,14.617,0.005,0.313005705808676
2875.79802,14.676,0.006,0.726341070796842
2876.77573,14.686,0.005,0.828921592403929
2877.79763,14.696,0.005,0.936138492129141
2879.73926,14.663,0.005,0.139852699990418
2883.8254,14.64,0.005,0.568567116903164
2885.7602,14.687,0.006,0.771564726833981
2888.80852,14.685,0.005,0.0913919308365948
2892.79988,14.638,0.006,0.510162108825775
2894.72904,14.669,0.006,0.712567974638347
2896.72614,14.701,0.005,0.922102048854206
2898.74712,14.665,0.005,0.134141592847339
2900.74596,14.619,0.005,0.343858226418848
2902.74548,14.639,0.005,0.553646205025855
2905.75268,14.693,0.005,0.869159132762033
2907.75408,14.672,0.005,0.0791443594085207
2909.74319,14.619,0.005,0.287840129456838
2911.73455,14.618,0.005,0.496771967637441
2915.70602,14.694,0.005,0.913455303337221
2917.73213,14.658,0.005,0.126033082671963
2921.72988,14.633,0.005,0.545473694156833
2923.75183,14.683,0.006,0.75761500974484
2925.7148,14.695,0.005,0.963568192691865
2927.71233,14.661,0.005,0.173147382150727
2930.73038,14.623,0.005,0.489798682880379
2932.73689,14.664,0.005,0.700320046485051
2934.71672,14.693,0.005,0.908042166636634
2937.64073,14.647,0.005,0.214826868628477
2939.69337,14.616,0.005,0.430188153540804
2940.6335,14.62,0.005,0.528825812742918
2941.68332,14.649,0.005,0.638972055691858
2942.63345,14.671,0.005,0.73865890659299
2943.60468,14.687,0.006,0.840559551979143
2944.58927,14.692,0.005,0.943861917475209
2945.60604,14.684,0.006,0.050540581858845
2947.61554,14.628,0.005,0.261375653781477
2949.59685,14.617,0.005,0.469253054304556
2950.6416,14.64,0.005,0.578867357062064
2951.62878,14.665,0.005,0.682441463208188
2952.65771,14.691,0.006,0.790395944697802
2954.68263,14.697,0.006,0.00284887022036327
2956.62862,14.653,0.005,0.207020525662427
2958.62303,14.611,0.005,0.416272367311265
2961.5941,14.682,0.006,0.727994565438758
2968.59386,14.617,0.005,0.462403574168003
2970.61311,14.655,0.005,0.67426160799722
2972.5976,14.691,0.005,0.882472651480611
2974.59835,14.674,0.005,0.0923896806666659
2976.54805,14.61,0.005,0.296950586229022
2978.57415,14.629,0.006,0.509527316372106
2980.59102,14.676,0.006,0.721135642576961
2982.53624,14.699,0.005,0.925226510258188
2984.62711,14.663,0.006,0.144598855035953
2986.63724,14.602,0.005,0.355500026035673
2988.5296,14.643,0.006,0.554044866395735
2991.60267,14.694,0.005,0.876468819853546
2994.58439,14.649,0.005,0.189308407140523
2997.55718,14.621,0.005,0.501211066240272
3001.57363,14.695,0.005,0.922613666202361
3005.5317,14.612,0.006,0.337891085025476
3008.55336,14.657,0.006,0.654921143958457
3008.55802,14.66,0.006,0.655410067290217
3011.56139,14.7,0.006,0.97052115460565
3016.58805,14.622,0.005,0.497914149196726
3018.57452,14.663,0.005,0.706332932636528
3020.60257,14.697,0.005,0.91911425516091
3021.61538,14.691,0.005,0.0253774396316762
3023.57128,14.643,0.005,0.230588844047467
3025.56979,14.612,0.005,0.440270854292876
3027.6033,14.655,0.005,0.653625035484967
3029.5752,14.689,0.005,0.860515146619235
3031.57974,14.677,0.005,0.0708298194591534
3033.58211,14.618,0.005,0.280916817700372
3037.52913,14.663,0.006,0.695034879696005
3164.92956,14.68,0.005,0.0617822407454906
3183.91153,14.68,0.005,0.053354776293553
3193.87929,14.679,0.005,0.0991638812987107
3195.93849,14.617,0.005,0.315213435965637
3197.91395,14.632,0.005,0.522477059344775
3201.87137,14.702,0.005,0.937686280707376
3203.87932,14.655,0.005,0.148358727916744
3206.81719,14.622,0.005,0.456597609603477
3210.89322,14.697,0.005,0.884251293708425
3211.88465,14.69,0.005,0.988271306326638
3215.66076,14.611,0.005,0.384457632993933
3216.72877,14.624,0.005,0.496512355643408
3217.9293,14.659,0.005,0.622470966688563
3218.91393,14.68,0.006,0.725777528951463
3223.83478,14.634,0.005,0.242069026174965
3226.82503,14.641,0.005,0.555803573981246
3229.83216,14.703,0.005,0.871309157375526
3231.8143,14.691,0.006,0.0792736408096533
3239.79267,14.69,0.005,0.916357598398913
3240.78993,14.687,0.005,0.0209892897776599
3241.81429,14.662,0.005,0.128464290660805
3242.71361,14.637,0.005,0.222820198539129
3243.85006,14.609,0.005,0.342055589176902
3244.82725,14.624,0.005,0.444581552815633
3245.77639,14.635,0.005,0.544164533738607
3246.76884,14.666,0.006,0.648291563910138
3247.7626,14.68,0.005,0.752556038194207
3249.72731,14.693,0.005,0.958691780496883
3251.74083,14.642,0.005,0.169948627482549
3254.72795,14.625,0.005,0.483354778287024
3257.74436,14.684,0.005,0.799834011578038
3259.66354,14.687,0.005,0.00119278407497063
3261.70164,14.643,0.005,0.215028544256924
3263.68434,14.611,0.005,0.423051782426111
3265.71873,14.666,0.005,0.636498292487724
3267.70757,14.679,0.005,0.845165734360168
3269.78399,14.688,0.006,0.063021997132803
3270.74081,14.657,0.005,0.163410757280612
3271.66364,14.633,0.005,0.260233314843432
3272.72083,14.615,0.005,0.371152812074546
3274.7067,14.642,0.005,0.579508644012373
3276.71113,14.69,0.005,0.789811775743622
3277.74427,14.689,0.005,0.898207966938539
3279.67659,14.668,0.005,0.100945377327968
3281.64027,14.607,0.005,0.306973052885605
3283.64171,14.625,0.005,0.516962476298845
3287.60793,14.696,0.005,0.933094986356658
3289.619,14.659,0.005,0.144094781376064
3293.59579,14.639,0.005,0.561336287059709
3295.61458,14.68,0.005,0.773146058070797
3297.59633,14.682,0.005,0.981069623028612
3299.6527,14.643,0.005,0.196822256444753
3301.62694,14.62,0.005,0.403957878436597
3303.68919,14.648,0.005,0.620327436571711
3306.62174,14.694,0.005,0.928008148274532
3308.60946,14.661,0.005,0.136558080676679
3310.60859,14.606,0.005,0.346305140807407
3312.65261,14.644,0.005,0.5607620224752
3314.56347,14.681,0.005,0.761247867478504
3320.6013,14.613,0.005,0.394731979101676
3327.55626,14.66,0.005,0.124440609019244
3330.55049,14.616,0.005,0.438592735121787
3335.59532,14.69,0.005,0.967892111030021
3338.59893,14.617,0.005,0.283028378946249
3349.59526,14.621,0.005,0.436754194539855
3353.57435,14.697,0.005,0.854237014314291
3359.55088,14.628,0.005,0.481289580822346
3363.55822,14.703,0.005,0.90173636714661
3367.61754,14.604,0.005,0.327636851922552
3372.54829,14.704,0.005,0.844967048928122
3376.5276,14.624,0.005,0.262472950919912
3378.59455,14.631,0.005,0.479335629153572
3386.56098,14.617,0.005,0.315166851854222
3390.57456,14.686,0.005,0.736268333798658
3398.55632,14.646,0.005,0.573707967373959
3402.54472,14.693,0.005,0.992167584620195
3528.93692,14.631,0.005,0.253132290997042
3541.92972,14.655,0.005,0.616326081729468
3547.91431,14.617,0.005,0.244224296746963
3554.92252,14.703,0.005,0.979519872461894
3560.94464,14.661,0.005,0.611355703925951
3564.9068,14.676,0.005,0.0270622421539172
3568.83766,14.622,0.005,0.439484810363883
3570.77838,14.673,0.005,0.64310354178054
3571.80071,14.684,0.005,0.750365556748768
3573.8382,14.694,0.005,0.964137316237074
3574.87719,14.666,0.005,0.0731472845759183
3577.83586,14.623,0.005,0.383568484996638
3578.89443,14.626,0.005,0.494632770682189
3579.79927,14.639,0.005,0.589567832378401
3581.8442,14.696,0.005,0.80412019049078
3581.86691,14.697,0.005,0.806502904839326
3582.82909,14.704,0.005,0.907454031737834
3583.8335,14.687,0.005,0.0128358951814344
3586.80784,14.615,0.005,0.324901178994531
3588.82573,14.645,0.005,0.536616522752704
3589.81854,14.663,0.005,0.640781323825401
3591.87334,14.692,0.005,0.856369234144721
3593.8109,14.677,0.005,0.0596564209844446
3596.89136,14.613,0.005,0.382855727107823
3601.80899,14.701,0.005,0.898809384604241
3607.8144,14.64,0.005,0.528892016739163
3614.78579,14.618,0.005,0.260324468618224
3617.76529,14.645,0.005,0.572931135348044
3619.69821,14.691,0.005,0.775731497239462
3621.71667,14.68,0.005,0.987506644924449
3624.86497,14.615,0.005,0.317823667534137
3626.71435,14.635,0.005,0.511859081971742
3629.66796,14.694,0.005,0.82174939139275
3631.73033,14.668,0.005,0.0381315398282068
3633.69564,14.624,0.005,0.244330233632809
3637.64955,14.669,0.005,0.659171188709094
3639.69963,14.688,0.005,0.874263880546476
3641.69619,14.665,0.005,0.0837412984105726
3643.72056,14.615,0.005,0.296136518389727
3646.65552,14.661,0.005,0.604070085291975
3650.65877,14.679,0.005,0.0240877522113737
3650.68281,14.674,0.005,0.0266100090558504
3651.73275,14.656,0.005,0.136768842305194
3653.72891,14.608,0.005,0.346204292501307
3655.69509,14.642,0.005,0.552494265983757
3657.64587,14.683,0.005,0.757168484249611
3658.6503,14.696,0.005,0.862552446076571
3659.63835,14.691,0.005,0.966217831900544
3660.66847,14.661,0.005,0.0742971672023244
3663.55998,14.619,0.005,0.377671996172266
3665.63356,14.667,0.005,0.595230288502424
3668.57198,14.696,0.005,0.903526875732579
3669.67074,14.681,0.005,0.0188078628565858
3671.6289,14.628,0.005,0.224256384596382
3673.67376,14.63,0.005,0.438801398366862
3675.65834,14.669,0.005,0.647021884575497
3683.64765,14.633,0.005,0.485253657883556
3685.65278,14.665,0.005,0.695630233033743
3687.65145,14.68,0.005,0.905329030346342
3689.59984,14.646,0.005,0.109752491796146
3692.57568,14.614,0.005,0.421975154364131
3694.55966,14.667,0.005,0.630132689070839
3696.56018,14.692,0.005,0.840025586847772
3698.59387,14.67,0.005,0.0533986534904322
3700.5748,14.622,0.005,0.261236184728905
3702.58409,14.636,0.005,0.472049223625889
3704.59036,14.676,0.005,0.682545406629799
3706.61079,14.692,0.005,0.894527245079525
3708.58367,14.662,0.005,0.101520177000263
3711.59026,14.62,0.005,0.416969104042794
3714.52401,14.69,0.006,0.724775718749516
3718.60452,14.645,0.005,0.152899440735675
3721.55342,14.624,0.005,0.462295580866465
3724.5631,14.688,0.005,0.778068708143969
3726.58366,14.679,0.005,0.990064186085772
3728.55677,14.631,0.005,0.197081249415646
3734.56022,14.703,0.005,0.826958239977517
3737.5759,14.645,0.005,0.143360882274465
3742.53452,14.675,0.006,0.663615176545304
3746.5598,14.669,0.005,0.0859442127776557
3751.53618,14.668,0.006,0.608061871505966
3756.55244,14.65,0.005,0.134363706730026
3761.60271,14.67,0.005,0.664233842922577
3766.52751,14.638,0.005,0.18093977086718
3772.55033,14.703,0.005,0.812849045750142
3776.5504,14.621,0.005,0.232533069709229
3871.8763,14.619,0.005,0.234047368088439
3901.93882,14.627,0.005,0.388182011719466
3906.93909,14.691,0.005,0.912806189416784
3913.91603,14.676,0.005,0.644820942688846
3918.87954,14.635,0.005,0.165588291700472
3931.91488,14.646,0.005,0.533245343920618
3934.8579,14.692,0.005,0.842024559332354
3936.8661,14.662,0.005,0.0527232363342027
3938.85009,14.615,0.005,0.260881820232583
3944.89748,14.705,0.005,0.895368959120098
3946.86561,14.658,0.005,0.101863524983785
3951.88502,14.679,0.005,0.628495855593105
3955.85015,14.672,0.005,0.0445140037556876
3958.82667,14.624,0.005,0.35680801135917
3960.82682,14.659,0.005,0.566662089043265
3963.82353,14.696,0.005,0.881074414687135
3965.81541,14.653,0.005,0.0900608108361266
3967.83526,14.608,0.005,0.30198179616727
3969.8009,14.646,0.005,0.508215113297973
3971.77709,14.693,0.005,0.715555327671114
3974.77883,14.676,0.005,0.0304953967396156
3979.73419,14.657,0.005,0.550407654516524
3980.61754,14.677,0.005,0.643088003251484
3981.64383,14.692,0.005,0.750765498132534
3983.83415,14.685,0.005,0.980572054357312
3986.69571,14.613,0.005,0.280804554188596
3987.66675,14.62,0.005,0.382685264932446
3990.79002,14.681,0.005,0.710376160719419
3993.73482,14.667,0.005,0.0193421322535761
3995.74009,14.602,0.005,0.229733396087513
3999.74936,14.678,0.005,0.650382676409682
4002.7215,14.675,0.005,0.962217138049046
4004.67329,14.634,0.005,0.166997324676579
4006.6995,14.622,0.005,0.379585595928347
4007.56288,14.646,0.005,0.470170708840289
4008.57181,14.666,0.005,0.576026806931819
4009.73327,14.686,0.005,0.697886226008881
4013.69838,14.644,0.005,0.113902275788023
4015.68067,14.616,0.005,0.321882497097635
4015.6969,14.625,0.005,0.323585335225152
4018.69606,14.681,0.005,0.63825471283533
4019.68463,14.692,0.005,0.741974656627611
4021.67712,14.685,0.005,0.951025053470169
4024.65059,14.607,0.005,0.262999057605498
4026.62947,14.632,0.005,0.470621504545661
4028.62543,14.681,0.005,0.680035970907845
4030.63799,14.694,0.005,0.891192095490433
4032.69009,14.648,0.005,0.106496724051045
4037.66628,14.675,0.005,0.628594448137053
4039.60422,14.701,0.005,0.831921504261396
4041.60374,14.662,0.005,0.0417094828683893
4043.58944,14.617,0.005,0.250047478547354
4046.59877,14.656,0.005,0.565783884115413
4048.56467,14.701,0.005,0.772044480230269
4050.60679,14.677,0.005,0.986302015475174
4052.55889,14.614,0.005,0.191114727045319
4054.61307,14.627,0.005,0.40663758747932
4056.58516,14.684,0.005,0.61354763325589
4058.61871,14.696,0.005,0.826906011214768
4060.51755,14.667,0.005,0.0261307277957957
4064.51518,14.635,0.005,0.445558748980261
4066.55665,14.691,0.005,0.659748086764781
4069.51502,14.688,0.005,0.970137811434514
4073.59859,14.64,0.005,0.398582586080628
4077.52194,14.688,0.005,0.810217211324622
4079.52388,14.674,0.005,0.0202590943228102
4082.52384,14.61,0.005,0.335012407268843
4085.56155,14.679,0.005,0.653726418878806
4092.5576,14.628,0.005,0.387746177487711
4096.58355,14.7,0.005,0.810145509563902
4100.58634,14.623,0.005,0.230114913665076
4105.55417,14.705,0.005,0.751335513490751
4108.53042,14.652,0.005,0.063601192918345
4113.60831,14.675,0.005,0.596369196583588
4120.57914,14.622,0.005,0.327742893727508
4126.57697,14.698,0.005,0.957030238554573
4252.92626,14.623,0.006,0.213492863350814
4255.84555,14.664,0.006,0.519782346860686
4268.89906,14.684,0.005,0.889345780397975
4275.92119,14.688,0.006,0.626101830957993
4279.79887,14.655,0.006,0.0329447977124943
4282.80943,14.622,0.005,0.348810253859615
4283.86237,14.654,0.006,0.459283844618593
4285.91669,14.692,0.006,0.674821393736391
4291.93747,14.628,0.005,0.306516633512702
4292.85599,14.621,0.005,0.402886989453207
4295.86004,14.677,0.005,0.718069421804138
4296.8898,14.693,0.005,0.826110986204815
4297.92266,14.664,0.005,0.934477800032186
4299.85747,14.612,0.005,0.137476459154661
4300.87896,14.617,0.005,0.244650342020202
4301.89697,14.629,0.005,0.351459106174443
4302.91858,14.64,0.005,0.458645579340341
4306.86321,14.696,0.006,0.872512884519986
4307.89749,14.659,0.005,0.981028683568578
4308.65864,14.643,0.005,0.0608879097411465
4308.86662,14.633,0.005,0.0827089986978545
4310.83897,14.619,0.005,0.289646323458579
4311.82652,14.649,0.006,0.393259249697541
4312.9004,14.66,0.005,0.505929847874445
4314.91987,14.701,0.006,0.717810963920983
4316.82641,14.677,0.005,0.9178435581103
4319.86359,14.613,0.006,0.236501962560221
4320.89045,14.625,0.005,0.344239261368132
4326.83432,14.661,0.005,0.967865167787143
4327.81259,14.632,0.006,0.0705044441293565
4328.82822,14.613,0.005,0.177063500659331
4329.83076,14.624,0.005,0.282249165255124
4330.859,14.639,0.005,0.390131252517568
4333.8603,14.698,0.006,0.705025157151299
4338.90068,14.618,0.006,0.233857642753502
4340.77316,14.644,0.005,0.430316690015884
4341.76831,14.664,0.006,0.534727001946205
4342.82417,14.687,0.005,0.645506956681293
4343.76181,14.701,0.005,0.74388336715036
4344.74396,14.688,0.005,0.846929729871839
4345.78995,14.659,0.005,0.956674132400081
4347.77884,14.614,0.005,0.165346820230968
4349.79203,14.635,0.005,0.376569043890548
4351.72913,14.679,0.006,0.579807967912156
4353.75235,14.695,0.006,0.792082530845915
4357.70122,14.616,0.006,0.206394693305867
4359.69915,14.637,0.005,0.41601585043279
4361.70171,14.686,0.006,0.626122783316312
4362.72443,14.706,0.006,0.733425716760819
4364.58347,14.676,0.006,0.928474650379622
4367.68098,14.621,0.005,0.253462828349894
4370.67263,14.679,0.005,0.567344262994053
4372.7361,14.688,0.005,0.783841822516461
4376.65149,14.619,0.006,0.194641291168011
4378.61807,14.642,0.005,0.400973232318413
4379.64603,14.667,0.005,0.508825942213167
4380.75888,14.681,0.005,0.6255852404412
4382.68633,14.69,0.005,0.827811694473236
4386.66139,14.618,0.005,0.244871689992938
4388.66187,14.651,0.005,0.454760391003037
4390.67086,14.687,0.005,0.665541954149082
4393.64464,14.663,0.005,0.977548483227085
4395.67952,14.616,0.005,0.191046403681831
4398.64496,14.66,0.005,0.502177906882798
4400.66784,14.683,0.005,0.714416797298832
4403.69363,14.651,0.005,0.0318801724035782
4407.63372,14.652,0.005,0.445271144551773
4408.6799,14.674,0.005,0.55503548172227
4410.70284,14.69,0.005,0.767280667288435
4415.68697,14.625,0.005,0.290211449583464
4418.59364,14.684,0.005,0.595176853169194
4422.65487,14.64,0.005,0.0212777335596007
4424.65193,14.623,0.005,0.230807611008627
4427.53863,14.679,0.006,0.533677778771339
4429.56456,14.688,0.006,0.746236672655512
4431.569,14.667,0.006,0.956540853578529
4433.57486,14.616,0.005,0.166994019722658
4435.56321,14.639,0.005,0.375610051201907
4437.65225,14.693,0.006,0.594790393898745
4439.56412,14.698,0.006,0.795382207263648
4441.59995,14.655,0.005,0.00897980092986111
4443.59068,14.624,0.005,0.217845540033472
4449.6447,14.685,0.005,0.853028293017389
4451.59983,14.637,0.005,0.0581589096723766
4453.58181,14.628,0.005,0.266106606039233
4456.58324,14.699,0.006,0.581014150165089
4459.53574,14.682,0.006,0.890787999307535
4464.57543,14.651,0.005,0.419548090682425
4465.54136,14.676,0.005,0.520892664468105
4470.56029,14.638,0.005,0.0474746338759372
4474.59679,14.665,0.005,0.47098086319452
4476.57493,14.697,0.005,0.678525669949007
4479.59974,14.646,0.005,0.995886224267186
4481.58441,14.614,0.005,0.204116153201194
4484.60109,14.677,0.006,0.520623714668034
4487.62265,14.683,0.006,0.837643281684051
4609.89594,14.696,0.006,0.666455369950423
4643.88061,14.633,0.005,0.232098735821528
4649.93082,14.667,0.005,0.866881746768094
4661.89396,14.613,0.005,0.122044465017031
4662.77668,14.62,0.005,0.214658714674904
4662.8936,14.629,0.005,0.226925864020154
4663.74837,14.646,0.005,0.316607622879234
4663.93227,14.651,0.005,0.335902258224633
4665.82132,14.699,0.005,0.534099816132305
4665.91527,14.703,0.006,0.543956972144855
4666.90913,14.696,0.006,0.648231938345888
4670.90358,14.624,0.005,0.0673263165700746
4671.81782,14.626,0.005,0.163247618463378
4672.87754,14.633,0.005,0.274432561194372
4675.89515,14.696,0.005,0.591037697489239
4681.87488,14.625,0.005,0.218426005340999
4683.87013,14.666,0.005,0.427765979092524
4685.85625,14.696,0.005,0.636148040822785
4688.80759,14.637,0.005,0.945800183728164
4690.73315,14.609,0.005,0.147828340529018
4691.73602,14.628,0.005,0.253048628450959
4693.89111,14.679,0.005,0.479158882319918
4696.84103,14.698,0.006,0.788662040003979
4698.75286,14.629,0.005,0.989249656602096
4699.74687,14.613,0.005,0.0935403606786801
4700.78438,14.618,0.005,0.20239504864609
4701.78958,14.647,0.005,0.30785979823384
4702.84972,14.675,0.005,0.419088807016225
4703.74876,14.679,0.005,0.513415337527002
4704.76761,14.701,0.005,0.620312233783931
4705.77485,14.703,0.005,0.725991018478317
4707.76752,14.651,0.005,0.935060300771553
4708.83578,14.616,0.005,0.0471412532134955
4710.75175,14.627,0.005,0.248163235175017
4716.75326,14.663,0.005,0.87783668254731
4719.74543,14.62,0.005,0.191772675159762
4721.73439,14.66,0.005,0.400452707332562
4724.76409,14.703,0.005,0.718326316391591
4726.65976,14.662,0.005,0.917218439204041
4729.67074,14.645,0.006,0.233127961402539
4731.76099,14.676,0.005,0.452435256294999
4734.74331,14.686,0.005,0.765337795083965
4736.70809,14.642,0.005,0.971480881728539
4739.64937,14.636,0.005,0.280077537784611
4741.72395,14.68,0.005,0.497740749284599
4747.59056,14.62,0.005,0.113260600636788
4749.59013,14.647,0.005,0.323053825202301
4753.65929,14.693,0.006,0.749986714610037
4755.65321,14.634,0.005,0.95918714586568
4757.63765,14.623,0.005,0.167392943390456
4759.65027,14.656,0.005,0.37855536312327
4761.62054,14.688,0.005,0.585274456010571
4763.63318,14.693,0.005,0.79643897412673
4766.6014,14.616,0.005,0.107862152619997
4769.63947,14.674,0.005,0.426613935131174
4771.55054,14.704,0.005,0.627121813160174
4773.67535,14.668,0.005,0.850055114564532
4775.66219,14.621,0.005,0.05851271809711
4777.59594,14.643,0.005,0.261400162899543
4779.63153,14.679,0.005,0.474972575964962
4781.58145,14.695,0.005,0.679556563744735
4783.56507,14.659,0.005,0.887676327550277
4785.59617,14.616,0.005,0.100777653542975
4789.53158,14.697,0.006,0.513677603976016
4790.6138,14.695,0.005,0.62722322802986
4791.6121,14.695,0.005,0.731964035345332
4793.51623,14.643,0.005,0.931743774335174
4795.53328,14.624,0.005,0.14337098599055
4797.52548,14.659,0.005,0.352390956273936
4798.58878,14.695,0.005,0.463951509633145
4800.63607,14.696,0.005,0.678751476986446
4803.52739,14.622,0.005,0.98210637131418
4804.57757,14.621,0.005,0.0922903851642711
4806.58659,14.651,0.005,0.303075095885334
4808.54482,14.689,0.005,0.508530961967028
4808.61232,14.69,0.005,0.515613005935579
4810.55526,14.69,0.005,0.719464657909408
4813.59461,14.611,0.005,0.0383507369579948
4815.57074,14.64,0.005,0.245684656180958
4817.58728,14.677,0.005,0.457258359059713
4819.58688,14.692,0.005,0.667054731200339
4821.62878,14.645,0.005,0.881289184227923
4823.58957,14.62,0.005,0.0870136433845485
4825.61801,14.655,0.005,0.299835884385209
4832.59113,14.619,0.005,0.0314498464281511
4835.57295,14.661,0.005,0.344299925632154
4839.59446,14.678,0.005,0.766233416594001
4842.56152,14.616,0.005,0.0775348888502
4844.57001,14.648,0.005,0.288263992411282
4847.62632,14.701,0.006,0.608929500581452
4849.58618,14.665,0.005,0.814556384910064
4853.58361,14.64,0.005,0.233963422260587
4856.57754,14.688,0.005,0.548084072612191
4865.55067,14.678,0.005,0.489537423655384
4936.91655,14.62,0.005,0.977186312744485
4940.89923,14.679,0.005,0.39504579233889
4940.90309,14.681,0.005,0.3954507803347
4953.89694,14.67,0.005,0.75875473619551
4954.88836,14.645,0.005,0.86277369962205
